{ 
  "first_name" : "Sammy",
  "last_name" : "Shark",
  "location" : "Ocean",
  "websites" : [ 
    {
      "description" : "work",
      "URL" : "https://www.digitalocean.com/"
    },
    {
      "desciption" : "tutorials",
      "URL" : "https://www.digitalocean.com/community/tutorials"
    }
  ],
  "social_media" : [
    {
      "description" : "twitter",
      "link" : "https://twitter.com/digitalocean"
    },
    {
      "description" : "facebook",
      "link" : "https://www.facebook.com/DigitalOceanCloudHosting"
    },
    {
      "description" : "github",
      "link" : "https://github.com/digitalocean"
    }
  ]
}